{
    "accuracy": 1.0,
    "precision": 0.9859883416639631,
    "recall": 0.9858776059179556,
    "f1_score": 0.985876130834547
}
