{
    "accuracy": 1.0,
    "precision": 0.9923625930503116,
    "recall": 0.9923356192012909,
    "f1_score": 0.9923180603760826
}
